{"stats":{"minecraft:crafted":{"minecraft:cooked_beef":5,"minecraft:wooden_sword":1,"minecraft:crafting_table":1,"minecraft:spruce_planks":28,"minecraft:wooden_pickaxe":1,"minecraft:furnace":2,"minecraft:stone_axe":1,"minecraft:air":0,"minecraft:stick":4,"minecraft:stone_pickaxe":1,"minecraft:spruce_boat":1},"minecraft:mined":{"minecraft:crafting_table":4,"minecraft:grass_block":2,"minecraft:tall_grass":3,"minecraft:spruce_leaves":3,"minecraft:kelp":1,"minecraft:oak_planks":1,"minecraft:furnace":2,"minecraft:sweet_berry_bush":2,"minecraft:spruce_log":13,"minecraft:birch_leaves":4,"minecraft:grass":3,"minecraft:bookshelf":1,"minecraft:oak_log":3,"minecraft:coal_ore":2,"minecraft:stone":18},"minecraft:picked_up":{"minecraft:crafting_table":4,"minecraft:leather":5,"minecraft:brown_wool":1,"minecraft:oak_log":3,"minecraft:lily_pad":14,"minecraft:dirt":17,"minecraft:wooden_sword":2,"minecraft:bone":2,"minecraft:kelp":1,"minecraft:spruce_planks":2,"minecraft:beef":5,"minecraft:iron_ingot":3,"minecraft:oak_planks":2,"minecraft:furnace":2,"minecraft:book":3,"minecraft:stick":6,"minecraft:sweet_berries":9,"minecraft:spruce_sapling":1,"minecraft:spruce_log":13,"minecraft:spruce_boat":3,"minecraft:gray_wool":1,"minecraft:saddle":1,"minecraft:mutton":14,"minecraft:coal":2,"minecraft:white_wool":8,"minecraft:cobblestone":22},"minecraft:dropped":{"minecraft:oak_planks":1,"minecraft:spruce_sapling":1},"minecraft:killed_by":{"minecraft:player":1},"minecraft:killed":{"minecraft:iron_golem":1,"minecraft:sheep":10,"minecraft:skeleton":1,"minecraft:zombie":2,"minecraft:cow":3},"minecraft:used":{"minecraft:stone_pickaxe":14,"minecraft:spruce_planks":3,"minecraft:wooden_pickaxe":6,"minecraft:iron_sword":34,"minecraft:dirt":1,"minecraft:crafting_table":3,"minecraft:spruce_boat":4,"minecraft:bread":5,"minecraft:iron_pickaxe":2,"minecraft:stone_axe":25,"minecraft:wooden_sword":17,"minecraft:sweet_berries":3,"minecraft:furnace":2,"minecraft:cooked_beef":3},"minecraft:custom":{"minecraft:interact_with_furnace":13,"minecraft:mob_kills":17,"minecraft:interact_with_crafting_table":5,"minecraft:play_one_minute":24101,"minecraft:leave_game":2,"minecraft:time_since_death":469,"minecraft:climb_one_cm":135,"minecraft:time_since_rest":494,"minecraft:sprint_one_cm":65695,"minecraft:damage_taken":1199,"minecraft:walk_one_cm":52432,"minecraft:drop":2,"minecraft:damage_dealt":4122,"minecraft:fly_one_cm":94505,"minecraft:player_kills":5,"minecraft:open_chest":6,"minecraft:crouch_one_cm":3524,"minecraft:deaths":3,"minecraft:sneak_time":1633,"minecraft:walk_under_water_one_cm":819,"minecraft:boat_one_cm":63746,"minecraft:jump":777,"minecraft:walk_on_water_one_cm":1333,"minecraft:fall_one_cm":13502,"minecraft:horse_one_cm":213487}},"DataVersion":2586}