{"stats":{"minecraft:crafted":{"minecraft:oak_planks":12,"minecraft:crafting_table":2,"minecraft:spruce_planks":12,"minecraft:stick":16,"minecraft:wooden_pickaxe":2,"minecraft:stone_pickaxe":1,"minecraft:stone_axe":1},"minecraft:killed_by":{"minecraft:player":2},"minecraft:used":{"minecraft:redstone_torch":2,"minecraft:sticky_piston":1,"minecraft:netherite_sword":12,"minecraft:end_rod":1,"minecraft:redstone":6,"minecraft:zombie_villager_spawn_egg":10,"minecraft:wooden_pickaxe":17,"minecraft:bedrock":22,"minecraft:stone_axe":2,"minecraft:repeater":2,"minecraft:dirt":4,"minecraft:crafting_table":2,"minecraft:white_stained_glass_pane":31},"minecraft:dropped":{"minecraft:wheat_seeds":1,"minecraft:netherite_sword":1},"minecraft:mined":{"minecraft:spruce_log":4,"minecraft:crafting_table":1,"minecraft:grass":15,"minecraft:grass_block":1,"minecraft:oak_log":3,"minecraft:dirt":9,"minecraft:tall_grass":2,"minecraft:stone":6},"minecraft:picked_up":{"minecraft:crafting_table":1,"minecraft:brown_wool":1,"minecraft:oak_log":3,"minecraft:gunpowder":4,"minecraft:spruce_log":4,"minecraft:dirt":10,"minecraft:rotten_flesh":4,"minecraft:wheat_seeds":1,"minecraft:netherite_sword":1,"minecraft:mutton":1,"minecraft:cobblestone":6},"minecraft:killed":{"minecraft:sheep":2,"minecraft:zombie_villager":3,"minecraft:creeper":3},"minecraft:custom":{"minecraft:time_since_rest":4783,"minecraft:sprint_one_cm":42521,"minecraft:damage_taken":846,"minecraft:walk_one_cm":22757,"minecraft:mob_kills":8,"minecraft:drop":2,"minecraft:damage_dealt":1233,"minecraft:swim_one_cm":34467,"minecraft:interact_with_crafting_table":3,"minecraft:fly_one_cm":141586,"minecraft:crouch_one_cm":3926,"minecraft:play_one_minute":13510,"minecraft:deaths":3,"minecraft:sneak_time":1216,"minecraft:walk_under_water_one_cm":4357,"minecraft:jump":415,"minecraft:leave_game":1,"minecraft:walk_on_water_one_cm":2978,"minecraft:time_since_death":4684,"minecraft:fall_one_cm":11079}},"DataVersion":2586}