{"stats":{"minecraft:mined":{"minecraft:spruce_log":4,"minecraft:crafting_table":1,"minecraft:grass":16,"minecraft:grass_block":2,"minecraft:oak_log":3,"minecraft:redstone_wire":1,"minecraft:dirt":9,"minecraft:tall_grass":7,"minecraft:stone":6},"minecraft:custom":{"minecraft:time_since_rest":44,"minecraft:sprint_one_cm":68770,"minecraft:damage_taken":12951,"minecraft:walk_one_cm":96550,"minecraft:mob_kills":46,"minecraft:drop":58,"minecraft:damage_dealt":5774,"minecraft:swim_one_cm":35602,"minecraft:interact_with_crafting_table":3,"minecraft:fly_one_cm":290458,"minecraft:crouch_one_cm":10246,"minecraft:play_one_minute":35117,"minecraft:deaths":8,"minecraft:sneak_time":2388,"minecraft:walk_under_water_one_cm":5345,"minecraft:boat_one_cm":2291,"minecraft:jump":697,"minecraft:leave_game":2,"minecraft:walk_on_water_one_cm":3980,"minecraft:time_since_death":0,"minecraft:fall_one_cm":132304},"minecraft:killed_by":{"minecraft:player":2},"minecraft:used":{"minecraft:redstone_torch":8,"minecraft:sticky_piston":51,"minecraft:water_bucket":4,"minecraft:netherite_sword":74,"minecraft:end_rod":42,"minecraft:lava_bucket":16,"minecraft:grass_block":7,"minecraft:redstone":81,"minecraft:zombie_villager_spawn_egg":36,"minecraft:wooden_pickaxe":17,"minecraft:spruce_sign":1,"minecraft:bedrock":89,"minecraft:stone_axe":2,"minecraft:repeater":6,"minecraft:dirt":4,"minecraft:bow":2,"minecraft:crafting_table":2,"minecraft:white_stained_glass_pane":53,"minecraft:bucket":2,"minecraft:oak_boat":25},"minecraft:dropped":{"minecraft:lava_bucket":8,"minecraft:water_bucket":13,"minecraft:dirt":2,"minecraft:ancient_debris":8,"minecraft:wheat_seeds":1,"minecraft:ender_pearl":10,"minecraft:netherite_sword":1,"minecraft:oak_boat":2,"minecraft:bucket":1,"minecraft:redstone":12},"minecraft:crafted":{"minecraft:oak_planks":12,"minecraft:crafting_table":2,"minecraft:spruce_planks":12,"minecraft:stick":16,"minecraft:wooden_pickaxe":2,"minecraft:stone_pickaxe":1,"minecraft:stone_axe":1},"minecraft:picked_up":{"minecraft:crafting_table":1,"minecraft:water_bucket":70,"minecraft:brown_wool":1,"minecraft:dandelion":1,"minecraft:potato":1,"minecraft:grass_block":1,"minecraft:oak_log":3,"minecraft:carrot":1,"minecraft:gunpowder":4,"minecraft:spruce_log":4,"minecraft:redstone":15,"minecraft:dirt":10,"minecraft:sticky_piston":2,"minecraft:rotten_flesh":24,"minecraft:wheat_seeds":2,"minecraft:netherite_sword":1,"minecraft:redstone_torch":1,"minecraft:end_rod":4,"minecraft:oak_boat":6,"minecraft:mutton":1,"minecraft:cobblestone":6},"minecraft:killed":{"minecraft:sheep":2,"minecraft:zombie":2,"minecraft:zombie_villager":25,"minecraft:bat":4,"minecraft:creeper":3}},"DataVersion":2586}