{"stats":{"minecraft:crafted":{"minecraft:oak_planks":12,"minecraft:crafting_table":2,"minecraft:spruce_planks":12,"minecraft:stick":16,"minecraft:wooden_pickaxe":2,"minecraft:stone_pickaxe":1,"minecraft:stone_axe":1},"minecraft:killed_by":{"minecraft:player":2},"minecraft:used":{"minecraft:wooden_pickaxe":17,"minecraft:stone_axe":2,"minecraft:dirt":4,"minecraft:crafting_table":2},"minecraft:dropped":{"minecraft:wheat_seeds":1},"minecraft:mined":{"minecraft:spruce_log":4,"minecraft:crafting_table":1,"minecraft:grass":11,"minecraft:grass_block":1,"minecraft:oak_log":3,"minecraft:dirt":9,"minecraft:stone":6},"minecraft:picked_up":{"minecraft:crafting_table":1,"minecraft:brown_wool":1,"minecraft:oak_log":3,"minecraft:spruce_log":4,"minecraft:dirt":10,"minecraft:wheat_seeds":1,"minecraft:mutton":1,"minecraft:cobblestone":6},"minecraft:killed":{"minecraft:sheep":1},"minecraft:custom":{"minecraft:time_since_rest":59,"minecraft:sprint_one_cm":33084,"minecraft:damage_taken":696,"minecraft:walk_one_cm":10830,"minecraft:mob_kills":1,"minecraft:drop":1,"minecraft:damage_dealt":163,"minecraft:interact_with_crafting_table":3,"minecraft:swim_one_cm":34467,"minecraft:fly_one_cm":91866,"minecraft:crouch_one_cm":3440,"minecraft:play_one_minute":8786,"minecraft:deaths":3,"minecraft:sneak_time":912,"minecraft:walk_under_water_one_cm":4357,"minecraft:jump":335,"minecraft:leave_game":1,"minecraft:walk_on_water_one_cm":2906,"minecraft:time_since_death":0,"minecraft:fall_one_cm":9485}},"DataVersion":2586}