{"stats":{"minecraft:killed_by":{"minecraft:player":1},"minecraft:killed":{"minecraft:salmon":4,"minecraft:iron_golem":1,"minecraft:wandering_trader":1,"minecraft:sheep":11,"minecraft:skeleton":1,"minecraft:trader_llama":2,"minecraft:zombie":2,"minecraft:cow":5},"minecraft:used":{"minecraft:oak_trapdoor":3,"minecraft:light_blue_stained_glass_pane":1,"minecraft:water_bucket":83,"minecraft:iron_bars":66,"minecraft:flint_and_steel":18,"minecraft:stone_pickaxe":14,"minecraft:spruce_slab":1,"minecraft:dispenser":2,"minecraft:redstone":31,"minecraft:chest":2,"minecraft:spruce_planks":3,"minecraft:wooden_pickaxe":6,"minecraft:stone":14,"minecraft:iron_sword":34,"minecraft:torch":8,"minecraft:dirt":68,"minecraft:tnt":310,"minecraft:crafting_table":3,"minecraft:yellow_stained_glass_pane":1,"minecraft:obsidian":4,"minecraft:sticky_piston":10,"minecraft:spruce_boat":4,"minecraft:glass":33,"minecraft:piston":5,"minecraft:lever":13,"minecraft:iron_block":34,"minecraft:grass_block":1,"minecraft:bread":5,"minecraft:iron_pickaxe":2,"minecraft:stone_button":6,"minecraft:stone_axe":25,"minecraft:bedrock":561,"minecraft:birch_button":10,"minecraft:diamond_sword":11,"minecraft:wooden_sword":17,"minecraft:sweet_berries":3,"minecraft:furnace":2,"minecraft:bucket":9,"minecraft:glass_pane":11,"minecraft:trapped_chest":5,"minecraft:polished_blackstone_button":3,"minecraft:cooked_beef":3},"minecraft:crafted":{"minecraft:cooked_beef":5,"minecraft:wooden_sword":1,"minecraft:crafting_table":1,"minecraft:spruce_planks":28,"minecraft:wooden_pickaxe":1,"minecraft:furnace":2,"minecraft:stone_axe":1,"minecraft:air":0,"minecraft:stick":4,"minecraft:stone_pickaxe":1,"minecraft:spruce_boat":1},"minecraft:picked_up":{"minecraft:crafting_table":4,"minecraft:allium":453,"minecraft:brown_wool":1,"minecraft:leather":9,"minecraft:lead":1,"minecraft:oak_log":3,"minecraft:lily_pad":14,"minecraft:dirt":18,"minecraft:wooden_sword":2,"minecraft:bone":2,"minecraft:kelp":1,"minecraft:spruce_planks":2,"minecraft:acacia_sign":500,"minecraft:beef":5,"minecraft:iron_ingot":3,"minecraft:oak_planks":2,"minecraft:furnace":2,"minecraft:book":3,"minecraft:stick":6,"minecraft:sweet_berries":9,"minecraft:torch":1,"minecraft:stone_button":2,"minecraft:spruce_sapling":1,"minecraft:spruce_log":13,"minecraft:redstone":3,"minecraft:spruce_boat":3,"minecraft:gray_wool":1,"minecraft:saddle":1,"minecraft:mutton":14,"minecraft:coal":2,"minecraft:white_wool":8,"minecraft:cobblestone":22},"minecraft:custom":{"minecraft:interact_with_furnace":13,"minecraft:mob_kills":27,"minecraft:interact_with_crafting_table":5,"minecraft:play_one_minute":71149,"minecraft:leave_game":4,"minecraft:time_since_death":8045,"minecraft:climb_one_cm":135,"minecraft:time_since_rest":8068,"minecraft:sprint_one_cm":76021,"minecraft:damage_taken":1499,"minecraft:walk_one_cm":145324,"minecraft:trigger_trapped_chest":6,"minecraft:drop":4,"minecraft:damage_dealt":4752,"minecraft:swim_one_cm":4415,"minecraft:fly_one_cm":297424,"minecraft:player_kills":5,"minecraft:open_chest":16,"minecraft:crouch_one_cm":8591,"minecraft:deaths":5,"minecraft:sneak_time":5127,"minecraft:walk_under_water_one_cm":11970,"minecraft:boat_one_cm":63746,"minecraft:jump":1039,"minecraft:walk_on_water_one_cm":27473,"minecraft:fall_one_cm":18456,"minecraft:inspect_dispenser":7,"minecraft:horse_one_cm":213487},"minecraft:mined":{"minecraft:crafting_table":4,"minecraft:grass_block":3,"minecraft:tall_grass":3,"minecraft:spruce_leaves":3,"minecraft:kelp":1,"minecraft:oak_planks":1,"minecraft:wall_torch":1,"minecraft:furnace":2,"minecraft:sweet_berry_bush":2,"minecraft:spruce_log":13,"minecraft:birch_leaves":4,"minecraft:grass":3,"minecraft:bookshelf":1,"minecraft:oak_log":3,"minecraft:coal_ore":2,"minecraft:stone":18},"minecraft:dropped":{"minecraft:oak_planks":1,"minecraft:glass_pane":1,"minecraft:torch":1,"minecraft:spruce_sapling":1}},"DataVersion":2586}