{"stats":{"minecraft:crafted":{"minecraft:wooden_sword":1,"minecraft:crafting_table":1,"minecraft:stick":4,"minecraft:spruce_planks":12},"minecraft:used":{"minecraft:water_bucket":4,"minecraft:lava_bucket":1,"minecraft:iron_axe":7,"minecraft:chicken":1,"minecraft:brown_wool":1,"minecraft:wooden_sword":10,"minecraft:dirt":2,"minecraft:mutton":2,"minecraft:crafting_table":1,"minecraft:bucket":5},"minecraft:mined":{"minecraft:spruce_log":2,"minecraft:grass_block":3,"minecraft:brown_wool":1,"minecraft:dirt":1},"minecraft:picked_up":{"minecraft:stick":8,"minecraft:crafting_table":1,"minecraft:feather":2,"minecraft:chicken":1,"minecraft:brown_wool":3,"minecraft:wooden_pickaxe":2,"minecraft:porkchop":2,"minecraft:spruce_log":3,"minecraft:dirt":8,"minecraft:stone_axe":1,"minecraft:spruce_planks":1,"minecraft:stone_pickaxe":1,"minecraft:mutton":4,"minecraft:oak_planks":1,"minecraft:white_wool":1},"minecraft:killed":{"minecraft:sheep":2,"minecraft:pig":1,"minecraft:chicken":1},"minecraft:custom":{"minecraft:time_since_rest":9238,"minecraft:sprint_one_cm":38282,"minecraft:damage_taken":83,"minecraft:walk_one_cm":13870,"minecraft:mob_kills":4,"minecraft:damage_dealt":944,"minecraft:swim_one_cm":26977,"minecraft:interact_with_crafting_table":1,"minecraft:fly_one_cm":92886,"minecraft:player_kills":2,"minecraft:play_one_minute":9238,"minecraft:crouch_one_cm":985,"minecraft:sneak_time":330,"minecraft:walk_under_water_one_cm":973,"minecraft:jump":361,"minecraft:leave_game":1,"minecraft:walk_on_water_one_cm":2439,"minecraft:time_since_death":9238,"minecraft:fall_one_cm":10241}},"DataVersion":2586}