{"stats":{"minecraft:crafted":{"minecraft:wooden_sword":3,"minecraft:iron_boots":1,"minecraft:iron_chestplate":1,"minecraft:shield":1,"minecraft:iron_axe":1,"minecraft:crafting_table":3,"minecraft:spruce_planks":56,"minecraft:stick":24,"minecraft:wooden_pickaxe":1,"minecraft:iron_ingot":26,"minecraft:iron_pickaxe":1,"minecraft:stone_pickaxe":1,"minecraft:wooden_axe":1,"minecraft:iron_leggings":1,"minecraft:furnace":2,"minecraft:air":0},"minecraft:picked_up":{"minecraft:stick":4,"minecraft:crafting_table":2,"minecraft:sweet_berries":28,"minecraft:leather":2,"minecraft:porkchop":10,"minecraft:lily_pad":2,"minecraft:spruce_log":14,"minecraft:dirt":11,"minecraft:rotten_flesh":2,"minecraft:wheat_seeds":1,"minecraft:beef":5,"minecraft:iron_ore":27,"minecraft:coal":19,"minecraft:cobblestone":84},"minecraft:mined":{"minecraft:large_fern":4,"minecraft:iron_ore":27,"minecraft:sweet_berry_bush":12,"minecraft:spruce_log":14,"minecraft:coal_ore":19,"minecraft:vine":1,"minecraft:dirt":11,"minecraft:spruce_leaves":10,"minecraft:stone":84,"minecraft:sugar_cane":1,"minecraft:fern":1},"minecraft:dropped":{"minecraft:lily_pad":1},"minecraft:killed_by":{"minecraft:player":5},"minecraft:killed":{"minecraft:horse":1,"minecraft:zombie":1,"minecraft:pig":4,"minecraft:cow":2},"minecraft:used":{"minecraft:wooden_axe":20,"minecraft:iron_axe":7,"minecraft:stone_pickaxe":64,"minecraft:iron_pickaxe":43,"minecraft:wooden_pickaxe":28,"minecraft:wooden_sword":23,"minecraft:dirt":1,"minecraft:cobblestone":4,"minecraft:crafting_table":4,"minecraft:sweet_berries":10,"minecraft:furnace":2},"minecraft:custom":{"minecraft:time_since_rest":3069,"minecraft:sprint_one_cm":58923,"minecraft:interact_with_furnace":28,"minecraft:damage_taken":1782,"minecraft:walk_one_cm":42980,"minecraft:mob_kills":8,"minecraft:drop":1,"minecraft:damage_dealt":1481,"minecraft:player_kills":1,"minecraft:swim_one_cm":5924,"minecraft:interact_with_crafting_table":19,"minecraft:fly_one_cm":135136,"minecraft:crouch_one_cm":2246,"minecraft:play_one_minute":23977,"minecraft:deaths":7,"minecraft:sneak_time":893,"minecraft:walk_under_water_one_cm":467,"minecraft:boat_one_cm":26510,"minecraft:jump":497,"minecraft:walk_on_water_one_cm":1856,"minecraft:time_since_death":2992,"minecraft:fall_one_cm":12908}},"DataVersion":2586}