{"stats":{"minecraft:mined":{"minecraft:grass_block":3,"minecraft:brown_wool":1,"minecraft:spruce_log":2,"minecraft:dirt":1},"minecraft:custom":{"minecraft:mob_kills":4,"minecraft:interact_with_crafting_table":1,"minecraft:play_one_minute":39757,"minecraft:leave_game":3,"minecraft:time_since_death":39757,"minecraft:time_since_rest":39757,"minecraft:sprint_one_cm":56005,"minecraft:damage_taken":83,"minecraft:walk_one_cm":98476,"minecraft:drop":2,"minecraft:damage_dealt":962,"minecraft:swim_one_cm":26977,"minecraft:fly_one_cm":362128,"minecraft:player_kills":2,"minecraft:crouch_one_cm":1075,"minecraft:sneak_time":832,"minecraft:walk_under_water_one_cm":5598,"minecraft:jump":522,"minecraft:walk_on_water_one_cm":7417,"minecraft:fall_one_cm":10241},"minecraft:used":{"minecraft:water_bucket":6,"minecraft:redstone":92,"minecraft:dirt":2,"minecraft:mutton":2,"minecraft:crafting_table":1,"minecraft:sponge":69,"minecraft:redstone_torch":28,"minecraft:lava_bucket":1,"minecraft:command_block":7,"minecraft:iron_axe":7,"minecraft:grass_block":51,"minecraft:chicken":1,"minecraft:brown_wool":1,"minecraft:iron_door":5,"minecraft:bedrock":118,"minecraft:repeater":23,"minecraft:wooden_sword":10,"minecraft:bucket":5,"minecraft:stone_pressure_plate":2},"minecraft:dropped":{"minecraft:netherite_sword":1,"minecraft:gunpowder":1},"minecraft:crafted":{"minecraft:wooden_sword":1,"minecraft:crafting_table":1,"minecraft:spruce_planks":12,"minecraft:stick":4},"minecraft:picked_up":{"minecraft:crafting_table":1,"minecraft:feather":17,"minecraft:repeater":1,"minecraft:chicken":15,"minecraft:iron_door":2,"minecraft:andesite":14,"minecraft:water_bucket":16,"minecraft:salmon":44,"minecraft:leather":30,"minecraft:brown_wool":4,"minecraft:wooden_pickaxe":2,"minecraft:enchanted_book":4,"minecraft:flint":6,"minecraft:gunpowder":63,"minecraft:lapis_lazuli":22,"minecraft:string":15,"minecraft:dirt":168,"minecraft:name_tag":6,"minecraft:bone":73,"minecraft:activator_rail":9,"minecraft:wheat_seeds":14,"minecraft:detector_rail":5,"minecraft:netherite_sword":1,"minecraft:bucket":1,"minecraft:spruce_planks":1,"minecraft:rabbit_hide":1,"minecraft:beef":45,"minecraft:iron_ingot":17,"minecraft:stone_pickaxe":1,"minecraft:iron_ore":5,"minecraft:rabbit":1,"minecraft:iron_pickaxe":3,"minecraft:light_gray_wool":4,"minecraft:minecart":15,"minecraft:powered_rail":9,"minecraft:chest":15,"minecraft:oak_planks":1,"minecraft:egg":12,"minecraft:stick":10,"minecraft:dandelion":3,"minecraft:torch":113,"minecraft:gravel":40,"minecraft:porkchop":44,"minecraft:sand":3,"minecraft:ink_sac":86,"minecraft:grass_block":1,"minecraft:spruce_log":3,"minecraft:redstone":7,"minecraft:spider_eye":2,"minecraft:rotten_flesh":97,"minecraft:pumpkin_seeds":19,"minecraft:arrow":82,"minecraft:stone_axe":1,"minecraft:beetroot_seeds":15,"minecraft:granite":25,"minecraft:bone_meal":2,"minecraft:golden_apple":2,"minecraft:end_rod":1,"minecraft:bread":13,"minecraft:black_wool":1,"minecraft:melon_seeds":17,"minecraft:mutton":45,"minecraft:coal":32,"minecraft:rail":177,"minecraft:white_wool":22,"minecraft:cobblestone":412,"minecraft:oxeye_daisy":1},"minecraft:killed":{"minecraft:pig":1,"minecraft:sheep":2,"minecraft:chicken":1}},"DataVersion":2586}