{"stats":{"minecraft:killed_by":{"minecraft:player":5},"minecraft:killed":{"minecraft:pig":4,"minecraft:horse":1,"minecraft:zombie":1,"minecraft:cow":2},"minecraft:used":{"minecraft:oak_trapdoor":4,"minecraft:water_bucket":10,"minecraft:stone_pickaxe":64,"minecraft:oak_planks":4,"minecraft:ladder":1,"minecraft:chest":3,"minecraft:wooden_pickaxe":28,"minecraft:torch":2,"minecraft:dirt":7,"minecraft:skeleton_spawn_egg":34,"minecraft:crafting_table":5,"minecraft:sponge":11,"minecraft:spruce_fence":1,"minecraft:wooden_axe":20,"minecraft:iron_axe":7,"minecraft:iron_pickaxe":43,"minecraft:bedrock":249,"minecraft:wooden_sword":23,"minecraft:cobblestone":4,"minecraft:sweet_berries":10,"minecraft:furnace":2,"minecraft:oak_sapling":3,"minecraft:bucket":8,"minecraft:trapped_chest":1,"minecraft:bone_meal":42},"minecraft:crafted":{"minecraft:wooden_sword":3,"minecraft:oak_planks":16,"minecraft:crafting_table":3,"minecraft:spruce_planks":56,"minecraft:wooden_pickaxe":1,"minecraft:furnace":2,"minecraft:air":0,"minecraft:oak_trapdoor":2,"minecraft:iron_boots":1,"minecraft:iron_chestplate":1,"minecraft:shield":1,"minecraft:iron_axe":1,"minecraft:stick":24,"minecraft:iron_ingot":26,"minecraft:iron_pickaxe":1,"minecraft:stone_pickaxe":1,"minecraft:wooden_axe":1,"minecraft:iron_leggings":1},"minecraft:picked_up":{"minecraft:allium":3013,"minecraft:crafting_table":2,"minecraft:green_stained_glass_pane":13,"minecraft:water_bucket":1,"minecraft:leather":2,"minecraft:oak_log":4,"minecraft:lily_pad":2,"minecraft:oak_trapdoor":1,"minecraft:dirt":15,"minecraft:bone":1,"minecraft:wheat_seeds":2,"minecraft:acacia_sign":2684,"minecraft:beef":5,"minecraft:iron_ore":27,"minecraft:chest":1,"minecraft:oak_planks":1,"minecraft:stick":4,"minecraft:sweet_berries":28,"minecraft:torch":3,"minecraft:porkchop":10,"minecraft:spruce_log":14,"minecraft:trapped_chest":2,"minecraft:arrow":9,"minecraft:rotten_flesh":2,"minecraft:yellow_stained_glass_pane":13,"minecraft:oak_sapling":3,"minecraft:coal":19,"minecraft:cobblestone":84},"minecraft:custom":{"minecraft:interact_with_furnace":28,"minecraft:mob_kills":8,"minecraft:interact_with_crafting_table":20,"minecraft:play_one_minute":70921,"minecraft:leave_game":1,"minecraft:time_since_death":8036,"minecraft:climb_one_cm":213,"minecraft:time_since_rest":8067,"minecraft:sprint_one_cm":72427,"minecraft:damage_taken":2012,"minecraft:walk_one_cm":94329,"minecraft:trigger_trapped_chest":8,"minecraft:drop":1,"minecraft:damage_dealt":1481,"minecraft:swim_one_cm":13896,"minecraft:fly_one_cm":403699,"minecraft:player_kills":1,"minecraft:open_chest":12,"minecraft:crouch_one_cm":3605,"minecraft:deaths":8,"minecraft:sneak_time":2800,"minecraft:walk_under_water_one_cm":28279,"minecraft:boat_one_cm":26510,"minecraft:jump":689,"minecraft:walk_on_water_one_cm":8788,"minecraft:fall_one_cm":15486,"minecraft:inspect_dispenser":2},"minecraft:mined":{"minecraft:oak_sapling":2,"minecraft:glass_pane":9,"minecraft:grass_block":2,"minecraft:chest":1,"minecraft:glass":9,"minecraft:spruce_leaves":10,"minecraft:oak_planks":1,"minecraft:sugar_cane":1,"minecraft:wall_torch":3,"minecraft:large_fern":4,"minecraft:oak_trapdoor":1,"minecraft:trapped_chest":2,"minecraft:iron_ore":27,"minecraft:sweet_berry_bush":12,"minecraft:spruce_log":14,"minecraft:grass":2,"minecraft:oak_log":4,"minecraft:coal_ore":19,"minecraft:vine":1,"minecraft:dirt":12,"minecraft:stone":84,"minecraft:oak_leaves":8,"minecraft:fern":1},"minecraft:dropped":{"minecraft:lily_pad":1}},"DataVersion":2586}