{"stats":{"minecraft:crafted":{"minecraft:wooden_sword":1,"minecraft:crafting_table":1,"minecraft:spruce_planks":12,"minecraft:stick":4},"minecraft:used":{"minecraft:redstone_torch":3,"minecraft:water_bucket":4,"minecraft:lava_bucket":1,"minecraft:command_block":2,"minecraft:grass_block":2,"minecraft:iron_axe":7,"minecraft:chicken":1,"minecraft:redstone":8,"minecraft:brown_wool":1,"minecraft:iron_door":5,"minecraft:bedrock":118,"minecraft:repeater":2,"minecraft:wooden_sword":10,"minecraft:dirt":2,"minecraft:mutton":2,"minecraft:crafting_table":1,"minecraft:bucket":5,"minecraft:stone_pressure_plate":2},"minecraft:dropped":{"minecraft:gunpowder":1,"minecraft:netherite_sword":1},"minecraft:mined":{"minecraft:spruce_log":2,"minecraft:grass_block":3,"minecraft:brown_wool":1,"minecraft:dirt":1},"minecraft:picked_up":{"minecraft:stick":8,"minecraft:crafting_table":1,"minecraft:feather":13,"minecraft:chicken":10,"minecraft:iron_door":2,"minecraft:salmon":1,"minecraft:brown_wool":3,"minecraft:wooden_pickaxe":2,"minecraft:porkchop":2,"minecraft:gunpowder":1,"minecraft:ink_sac":15,"minecraft:spruce_log":3,"minecraft:string":12,"minecraft:dirt":8,"minecraft:rotten_flesh":10,"minecraft:bone":12,"minecraft:arrow":11,"minecraft:stone_axe":1,"minecraft:netherite_sword":1,"minecraft:rabbit_hide":1,"minecraft:spruce_planks":1,"minecraft:stone_pickaxe":1,"minecraft:rabbit":1,"minecraft:light_gray_wool":4,"minecraft:mutton":28,"minecraft:oak_planks":1,"minecraft:rail":27,"minecraft:white_wool":13,"minecraft:egg":9},"minecraft:killed":{"minecraft:sheep":2,"minecraft:pig":1,"minecraft:chicken":1},"minecraft:custom":{"minecraft:time_since_rest":16533,"minecraft:sprint_one_cm":39475,"minecraft:damage_taken":83,"minecraft:walk_one_cm":41251,"minecraft:mob_kills":4,"minecraft:drop":2,"minecraft:damage_dealt":944,"minecraft:swim_one_cm":26977,"minecraft:interact_with_crafting_table":1,"minecraft:fly_one_cm":111766,"minecraft:player_kills":2,"minecraft:crouch_one_cm":985,"minecraft:play_one_minute":16533,"minecraft:sneak_time":330,"minecraft:walk_under_water_one_cm":973,"minecraft:jump":384,"minecraft:leave_game":2,"minecraft:walk_on_water_one_cm":2675,"minecraft:time_since_death":16533,"minecraft:fall_one_cm":10241}},"DataVersion":2586}